id,first_name,last_name,email,gender
1,Madison,Cardiff,mcardiff0@ox.ac.uk,Male
2,Hatti,Alcido,halcido1@trellian.com,Female
3,Deborah,Gothliff,dgothliff2@google.com.br,Female
4,Christa,Swatheridge,cswatheridge3@fema.gov,Female
5,Anabel,Kleyn,akleyn4@sohu.com,Female
6,Delano,Hawe,dhawe5@chronoengine.com,Male
7,Gerek,Wattinham,gwattinham6@privacy.gov.au,Male
8,Melita,Bulbeck,mbulbeck7@hc360.com,Female
9,Darcie,Thornhill,dthornhill8@theglobeandmail.com,Female
10,Lilias,Milburne,lmilburne9@homestead.com,Female
11,Saleem,Fairnie,sfairniea@qq.com,Male
12,Swen,Combes,scombesb@unblog.fr,Male
13,Allyson,Peirson,apeirsonc@gravatar.com,Female
14,Shaine,Joerning,sjoerningd@cbsnews.com,Female
15,Hillary,Skokoe,hskokoee@telegraph.co.uk,Male
16,Corby,Catherall,ccatherallf@oakley.com,Male
17,Norine,O'Heagertie,noheagertieg@google.es,Female
18,Meagan,Shrieves,mshrievesh@ehow.com,Female
19,Kalie,Beig,kbeigi@feedburner.com,Female
20,Jennine,Gillbard,jgillbardj@ted.com,Female
21,Hastings,Cogzell,hcogzellk@issuu.com,Male
22,Alvina,Abbatini,aabbatinil@squidoo.com,Bigender
23,Briana,Keller,bkellerm@jimdo.com,Female
24,Johan,Sigert,jsigertn@weibo.com,Male
25,Brandea,Malarkey,bmalarkeyo@answers.com,Female
26,Jannelle,Purry,jpurryp@nasa.gov,Female
27,Cordie,Hawkswell,chawkswellq@businesswire.com,Female
28,Ring,Crosher,rcrosherr@seattletimes.com,Male
29,Celestia,Milward,cmilwards@indiegogo.com,Genderfluid
30,Katy,Hawkeswood,khawkeswoodt@nyu.edu,Female
31,Eirena,Searston,esearstonu@phoca.cz,Female
32,Harriott,Kasting,hkastingv@ezinearticles.com,Female
33,Mattie,Montfort,mmontfortw@spiegel.de,Polygender
34,Pauli,Allbones,pallbonesx@etsy.com,Female
35,Jammie,Bendall,jbendally@house.gov,Bigender
36,Kerk,Daft,kdaftz@microsoft.com,Male
37,Malorie,Tomes,mtomes10@wikispaces.com,Female
38,Winona,Fishbourn,wfishbourn11@qq.com,Female
39,Dagny,Woodsford,dwoodsford12@xinhuanet.com,Genderqueer
40,Granger,Smees,gsmees13@myspace.com,Male
41,Sig,Rigglesford,srigglesford14@reverbnation.com,Male
42,Karita,Estoile,kestoile15@japanpost.jp,Female
43,Querida,Bellam,qbellam16@samsung.com,Female
44,Rheta,Lowth,rlowth17@wsj.com,Female
45,Nolan,McCauley,nmccauley18@youtu.be,Male
46,Delmor,Roseman,droseman19@ezinearticles.com,Male
47,April,Caughey,acaughey1a@webnode.com,Female
48,Trixie,Pickvance,tpickvance1b@loc.gov,Female
49,Caritta,Dewick,cdewick1c@privacy.gov.au,Female
50,Carlynne,Kinson,ckinson1d@amazon.co.jp,Bigender
51,Heinrick,Longfoot,hlongfoot1e@hc360.com,Male
52,Amalie,Gildea,agildea1f@barnesandnoble.com,Female
53,Harold,Collard,hcollard1g@istockphoto.com,Male
54,Sheppard,Andrzejak,sandrzejak1h@ed.gov,Male
55,Preston,MacKnockiter,pmacknockiter1i@meetup.com,Bigender
56,Andreana,MacNeely,amacneely1j@ning.com,Female
57,Halli,Wimes,hwimes1k@joomla.org,Female
58,Lilli,Guppie,lguppie1l@hostgator.com,Polygender
59,Jarret,Bellord,jbellord1m@newsvine.com,Male
60,Drud,Elcum,delcum1n@businessinsider.com,Male
61,Bethany,Wahner,bwahner1o@dell.com,Female
62,Berkley,Ox,box1p@indiatimes.com,Male
63,Yorgos,Townshend,ytownshend1q@mayoclinic.com,Male
64,Virgina,Alentyev,valentyev1r@elpais.com,Female
65,Kristos,Magwood,kmagwood1s@weather.com,Male
66,Winnie,Triggel,wtriggel1t@icq.com,Male
67,Mile,Pieracci,mpieracci1u@godaddy.com,Male
68,Odell,Davydenko,odavydenko1v@pagesperso-orange.fr,Male
69,Rossie,Shurville,rshurville1w@multiply.com,Male
70,Logan,Gaitley,lgaitley1x@example.com,Male
71,Zorah,Goodburn,zgoodburn1y@jalbum.net,Female
72,Jessamine,Rosson,jrosson1z@cnn.com,Female
73,Margaux,Sayre,msayre20@howstuffworks.com,Agender
74,Diandra,Dumbrall,ddumbrall21@reuters.com,Agender
75,Olympia,Flindall,oflindall22@arstechnica.com,Female
76,Katherine,Dillway,kdillway23@bandcamp.com,Female
77,Bartholomeus,Conduit,bconduit24@slate.com,Non-binary
78,Duncan,Colpus,dcolpus25@youku.com,Male
79,Wash,Mcwhinney,wmcwhinney26@phpbb.com,Male
80,Druci,Vaughn,dvaughn27@simplemachines.org,Female
81,Giusto,Antoniades,gantoniades28@unicef.org,Male
82,Ozzy,Le feaver,olefeaver29@yolasite.com,Male
83,Conn,O'Sheerin,cosheerin2a@umn.edu,Male
84,Curtice,Knoble,cknoble2b@altervista.org,Male
85,Bobbie,Gotcher,bgotcher2c@dot.gov,Male
86,Kirstyn,Libero,klibero2d@wsj.com,Female
87,Ricoriki,Timby,rtimby2e@intel.com,Male
88,Elysee,Harsnep,eharsnep2f@zimbio.com,Female
89,Barn,Willshere,bwillshere2g@soundcloud.com,Male
90,Geri,Harradine,gharradine2h@slideshare.net,Female
91,Lindsy,MacAndie,lmacandie2i@theglobeandmail.com,Female
92,Melli,Barrus,mbarrus2j@i2i.jp,Female
93,Tove,Drought,tdrought2k@psu.edu,Female
94,Janos,Crouch,jcrouch2l@wufoo.com,Polygender
95,Mariele,Rubinowitsch,mrubinowitsch2m@slideshare.net,Female
96,Reade,MacAndrew,rmacandrew2n@themeforest.net,Male
97,Meredith,D'Angeli,mdangeli2o@gov.uk,Male
98,Brucie,Cooling,bcooling2p@ebay.com,Male
99,Herc,Bendon,hbendon2q@homestead.com,Agender
100,Kamila,Marousek,kmarousek2r@github.io,Female
