id,first_name,last_name,email,gender,ip_address
1,Sharline,Muttock,smuttock0@webmd.com,Female,31.131.206.38
2,Serene,Snalum,ssnalum1@eventbrite.com,Female,220.71.148.51
3,Bartel,Everett,beverett2@artisteer.com,Agender,201.24.168.29
4,Charlot,Torrecilla,ctorrecilla3@twitpic.com,Female,73.35.86.98
5,Harriot,Milward,hmilward4@illinois.edu,Female,47.133.12.6
6,Suzette,Kirsche,skirsche5@wordpress.org,Female,188.150.188.184
7,Eartha,Ableson,eableson6@uol.com.br,Female,233.139.216.152
8,Preston,Orrin,porrin7@europa.eu,Male,44.97.222.102
9,Waverly,Sandyford,wsandyford8@nsw.gov.au,Male,5.196.73.29
10,Amory,Corsan,acorsan9@fotki.com,Male,243.207.253.123
11,Eal,Manifold,emanifolda@mysql.com,Polygender,249.110.16.123
12,Godard,MacRury,gmacruryb@tripadvisor.com,Male,238.254.66.240
13,Fifi,Aggott,faggottc@forbes.com,Non-binary,140.40.112.225
14,Daffie,Dalgardno,ddalgardnod@abc.net.au,Female,200.99.155.190
15,Jecho,Swinnerton,jswinnertone@usgs.gov,Male,30.124.156.246
16,Jamal,Bizzey,jbizzeyf@irs.gov,Male,0.145.97.83
17,Wyndham,Croster,wcrosterg@amazon.de,Male,2.20.138.44
18,Ettie,Simonian,esimonianh@51.la,Female,232.136.127.101
19,Elaine,Mackleden,emackledeni@whitehouse.gov,Female,197.19.6.31
20,Dido,Spurdle,dspurdlej@msn.com,Female,213.84.153.27
21,Yardley,MacArte,ymacartek@ft.com,Male,254.25.243.13
22,Rafaela,Von Helmholtz,rvonhelmholtzl@paginegialle.it,Female,148.133.121.172
23,Broddy,Climpson,bclimpsonm@un.org,Male,121.178.106.61
24,Shepperd,Foulstone,sfoulstonen@github.io,Male,51.162.165.66
25,Tracey,Inchcomb,tinchcombo@nationalgeographic.com,Female,130.11.103.230
26,Anjela,Doucette,adoucettep@china.com.cn,Female,87.246.56.91
27,Carri,Wickes,cwickesq@gmpg.org,Female,58.204.218.85
28,Salmon,McKue,smckuer@pbs.org,Male,71.118.24.160
29,Grete,Simo,gsimos@sfgate.com,Female,156.223.132.179
30,Pembroke,Laurence,plaurencet@diigo.com,Male,87.89.157.134
31,Osborne,Pittendreigh,opittendreighu@shutterfly.com,Male,248.134.90.172
32,Colin,Crenshaw,ccrenshawv@pen.io,Male,152.126.90.56
33,Garek,Lumsdale,glumsdalew@tamu.edu,Male,26.86.124.19
34,Hugibert,Ticksall,hticksallx@google.com.au,Male,169.206.227.172
35,Melesa,Freezer,mfreezery@dell.com,Female,81.75.38.213
36,Desiree,Molnar,dmolnarz@booking.com,Female,207.220.179.37
37,Kelci,McIlory,kmcilory10@nsw.gov.au,Female,180.240.161.44
38,Valencia,Holligan,vholligan11@networkadvertising.org,Female,237.53.242.85
39,Tyrus,Gadsdon,tgadsdon12@gmpg.org,Male,79.172.7.77
40,Welsh,Betje,wbetje13@cmu.edu,Male,2.203.36.75
41,Jorge,Bole,jbole14@patch.com,Male,29.108.41.96
42,Juliann,Jonah,jjonah15@buzzfeed.com,Female,195.249.20.60
43,Shaylah,Dreigher,sdreigher16@pcworld.com,Female,21.203.195.59
44,Taylor,Duinbleton,tduinbleton17@sun.com,Male,10.255.20.170
45,Fitzgerald,Dadley,fdadley18@oakley.com,Male,192.20.225.48
46,Robby,Joannic,rjoannic19@ask.com,Male,124.218.33.218
47,Louella,Abramski,labramski1a@mysql.com,Female,163.144.209.163
48,Bentlee,Gobeaux,bgobeaux1b@amazon.com,Male,199.215.37.94
49,Ingmar,Aitcheson,iaitcheson1c@vistaprint.com,Genderqueer,69.156.217.110
50,Evita,Prescot,eprescot1d@linkedin.com,Female,230.235.235.84
51,Alfy,Shadrach,ashadrach1e@squarespace.com,Male,60.79.182.163
52,Jayme,Ashfull,jashfull1f@europa.eu,Female,74.166.90.30
53,Ty,Wainscot,twainscot1g@theglobeandmail.com,Genderqueer,239.176.25.119
54,Sherlock,Pethybridge,spethybridge1h@sun.com,Male,209.167.43.104
55,My,Southerden,msoutherden1i@elpais.com,Male,245.168.211.159
56,Pinchas,Auckland,pauckland1j@webeden.co.uk,Male,58.89.179.227
57,Glynda,Chicco,gchicco1k@addtoany.com,Female,122.203.247.20
58,Wenonah,Neising,wneising1l@zdnet.com,Female,87.171.215.108
59,Danna,Treadway,dtreadway1m@foxnews.com,Female,17.104.138.141
60,Mike,Licciardello,mlicciardello1n@dropbox.com,Male,149.10.228.237
61,Loree,Hards,lhards1o@themeforest.net,Polygender,146.80.216.151
62,Grete,St. Hill,gsthill1p@drupal.org,Female,79.213.159.132
63,Dorolice,Petters,dpetters1q@ucoz.ru,Female,35.209.64.5
64,Cordula,Leifer,cleifer1r@admin.ch,Female,140.151.37.70
65,Allin,Gidman,agidman1s@trellian.com,Male,109.70.184.91
66,Gregoor,Esser,gesser1t@npr.org,Male,141.245.2.118
67,Keane,Faichney,kfaichney1u@studiopress.com,Male,191.58.233.117
68,Anthony,Sweatman,asweatman1v@twitter.com,Male,9.215.54.175
69,Lana,Graver,lgraver1w@dion.ne.jp,Female,52.20.26.186
70,Adair,Gravy,agravy1x@behance.net,Male,41.235.32.207
71,Tate,Griffen,tgriffen1y@theatlantic.com,Male,225.238.111.230
72,Dick,Ellcock,dellcock1z@craigslist.org,Genderqueer,50.203.186.129
73,Reiko,Illidge,rillidge20@hatena.ne.jp,Female,84.216.136.168
74,Delcine,Weeden,dweeden21@geocities.com,Female,54.180.132.123
75,Abrahan,Ebhardt,aebhardt22@weibo.com,Male,20.213.221.168
76,Yehudit,Asmus,yasmus23@princeton.edu,Male,148.4.51.196
77,Lorrie,Froome,lfroome24@posterous.com,Male,62.83.238.75
78,Garth,Muscott,gmuscott25@liveinternet.ru,Male,36.68.119.246
79,Archer,Bettanay,abettanay26@goodreads.com,Male,122.134.209.245
80,Doris,Baile,dbaile27@dedecms.com,Female,76.250.64.165
81,Hester,Connow,hconnow28@weebly.com,Bigender,77.167.189.5
82,Bekki,Comello,bcomello29@cnet.com,Female,139.97.165.184
83,Aldo,Dunne,adunne2a@earthlink.net,Male,152.204.122.218
84,Sonny,McLelland,smclelland2b@i2i.jp,Male,99.168.186.226
85,Papagena,Sawfoot,psawfoot2c@studiopress.com,Female,37.155.180.117
86,Vivyanne,Smedmore,vsmedmore2d@people.com.cn,Female,94.138.74.38
87,Jard,Corkan,jcorkan2e@skype.com,Male,49.104.181.139
88,Gayelord,Tenman,gtenman2f@nba.com,Male,89.207.135.182
89,Abbe,Axston,aaxston2g@squidoo.com,Male,176.11.147.30
90,Perry,MacBrearty,pmacbrearty2h@aol.com,Male,212.231.46.29
91,Rosa,O'Sheeryne,rosheeryne2i@com.com,Female,16.6.217.48
92,Clarke,Ledamun,cledamun2j@addthis.com,Male,190.154.147.187
93,Nikki,Booth,nbooth2k@pbs.org,Bigender,6.189.121.131
94,Murvyn,Lally,mlally2l@ca.gov,Male,90.2.220.20
95,Mira,Kalker,mkalker2m@who.int,Non-binary,225.208.28.50
96,Neale,Duff,nduff2n@t-online.de,Male,244.97.7.94
97,Banky,Alphege,balphege2o@ted.com,Male,52.247.168.9
98,Loretta,Kittel,lkittel2p@canalblog.com,Female,85.1.15.105
99,Harv,Claesens,hclaesens2q@youtube.com,Male,133.13.59.186
100,Marley,Yearne,myearne2r@biblegateway.com,Female,106.242.191.98
101,Thedric,Thrustle,tthrustle2s@newsvine.com,Male,184.120.96.219
102,Mose,Rotte,mrotte2t@accuweather.com,Male,93.65.232.247
103,Dorthy,Thomen,dthomen2u@bigcartel.com,Female,19.69.86.2
104,Genna,Bwy,gbwy2v@a8.net,Female,35.116.146.41
105,Udale,Laven,ulaven2w@51.la,Male,170.198.141.186
106,Jerrine,Gogerty,jgogerty2x@techcrunch.com,Female,225.74.55.137
107,Zane,Buckhurst,zbuckhurst2y@nsw.gov.au,Male,229.189.68.255
108,Urban,Jenicke,ujenicke2z@ustream.tv,Male,25.208.130.33
109,Aubrey,Leadbitter,aleadbitter30@cyberchimps.com,Female,182.185.26.186
110,Crystal,Coltherd,ccoltherd31@virginia.edu,Female,54.164.243.99
111,Lyn,Rookeby,lrookeby32@ed.gov,Male,79.76.86.242
112,Raynell,Philippon,rphilippon33@npr.org,Female,94.124.73.104
113,Pavlov,Gaunter,pgaunter34@walmart.com,Male,143.183.38.198
114,Carri,Cockshoot,ccockshoot35@ezinearticles.com,Female,245.240.133.196
115,Mattie,Gawthrop,mgawthrop36@soundcloud.com,Male,225.36.40.15
116,Sargent,Boakes,sboakes37@hubpages.com,Bigender,20.39.4.216
117,Emmet,Mulrooney,emulrooney38@cargocollective.com,Male,60.8.85.243
118,Corry,Doyle,cdoyle39@comsenz.com,Female,250.97.247.82
119,Bran,Kerner,bkerner3a@youtu.be,Male,65.164.85.144
120,Fred,Munks,fmunks3b@squarespace.com,Female,48.250.23.118
121,Benjie,Heers,bheers3c@tinyurl.com,Male,166.110.103.59
122,Odilia,Moneypenny,omoneypenny3d@meetup.com,Female,25.163.1.208
123,Ham,Kegan,hkegan3e@washington.edu,Male,190.232.171.27
124,Aviva,Rake,arake3f@yahoo.co.jp,Female,2.7.174.75
125,Lanita,Kynastone,lkynastone3g@unc.edu,Female,107.73.59.208
126,Hestia,Dimont,hdimont3h@sphinn.com,Female,234.80.114.8
127,Lani,Swadling,lswadling3i@usnews.com,Female,243.49.139.39
128,Tarrance,Baitson,tbaitson3j@qq.com,Male,68.94.66.49
129,Emory,Waker,ewaker3k@washingtonpost.com,Male,252.79.30.148
130,Puff,Marcinkus,pmarcinkus3l@over-blog.com,Male,177.235.189.114
131,Clayborne,Scripps,cscripps3m@eventbrite.com,Male,76.89.187.171
132,Cymbre,Newis,cnewis3n@hibu.com,Female,214.103.26.178
133,Kelsy,Mayfield,kmayfield3o@arstechnica.com,Female,219.36.244.243
134,Mella,Greatbank,mgreatbank3p@facebook.com,Female,105.13.85.209
135,Pablo,Dougary,pdougary3q@networksolutions.com,Male,162.156.137.165
136,Maurise,Colvill,mcolvill3r@salon.com,Male,74.143.11.192
137,Pieter,Kyndred,pkyndred3s@jimdo.com,Male,41.188.238.137
138,Gene,Spencley,gspencley3t@ebay.com,Male,163.230.240.249
139,Ayn,Flury,aflury3u@yellowbook.com,Female,8.90.134.157
140,Forest,Unger,funger3v@epa.gov,Male,162.158.172.125
141,Guido,Spittles,gspittles3w@jimdo.com,Male,157.230.180.194
142,Phaedra,McMurthy,pmcmurthy3x@nba.com,Genderfluid,53.249.95.181
143,Jazmin,Blakeborough,jblakeborough3y@nba.com,Agender,237.250.63.199
144,Travers,Enoch,tenoch3z@wix.com,Male,107.164.179.208
145,Mill,Balchen,mbalchen40@pagesperso-orange.fr,Male,186.172.17.202
146,Byrann,Sangra,bsangra41@topsy.com,Male,102.160.99.103
147,Berky,Tullot,btullot42@tripod.com,Male,136.108.90.209
148,Ugo,Beckhouse,ubeckhouse43@google.ru,Genderfluid,202.187.39.5
149,Thadeus,Delmonti,tdelmonti44@wisc.edu,Male,165.41.161.174
150,Kasper,Pover,kpover45@163.com,Male,159.158.107.225
151,Perice,Sprasen,psprasen46@google.es,Male,63.228.185.120
152,Marketa,Bysouth,mbysouth47@zimbio.com,Polygender,151.179.118.178
153,Robbyn,Perree,rperree48@europa.eu,Agender,127.240.180.52
154,Marline,Gaythwaite,mgaythwaite49@yale.edu,Bigender,230.66.166.16
155,Winn,Calvard,wcalvard4a@webnode.com,Male,251.5.235.22
156,Sibley,Jeans,sjeans4b@goo.ne.jp,Female,211.237.205.118
157,Win,Maskelyne,wmaskelyne4c@diigo.com,Male,144.241.147.222
158,Ruth,Baribal,rbaribal4d@mail.ru,Female,210.210.223.9
159,Alica,Eatock,aeatock4e@patch.com,Female,162.12.3.161
160,Alfons,Boothe,aboothe4f@plala.or.jp,Male,247.167.92.13
161,Myer,Deedes,mdeedes4g@instagram.com,Male,92.104.54.196
162,Agustin,McGeneay,amcgeneay4h@usatoday.com,Male,12.93.213.108
163,Hilary,Cramb,hcramb4i@pagesperso-orange.fr,Male,183.46.56.67
164,Basil,Breeder,bbreeder4j@constantcontact.com,Male,210.78.235.51
165,Ashton,Jankiewicz,ajankiewicz4k@barnesandnoble.com,Male,83.174.149.243
166,Malorie,Horick,mhorick4l@java.com,Female,70.149.194.240
167,Mady,Oxbie,moxbie4m@parallels.com,Female,84.13.249.207
168,Leonardo,Adolthine,ladolthine4n@shutterfly.com,Male,250.232.236.104
169,Panchito,Dutt,pdutt4o@infoseek.co.jp,Male,180.249.148.240
170,Glenine,Zanuciolii,gzanuciolii4p@dagondesign.com,Female,68.141.92.22
171,Dominique,Stollberg,dstollberg4q@nyu.edu,Male,235.30.113.90
172,Johnnie,Joanic,jjoanic4r@google.co.uk,Genderfluid,187.187.72.84
173,Yorgos,Lundon,ylundon4s@wikispaces.com,Male,221.10.195.193
174,Ferdy,Colborn,fcolborn4t@java.com,Male,74.180.16.183
175,Celestia,Hadgraft,chadgraft4u@e-recht24.de,Female,1.93.209.219
176,Ira,Yurlov,iyurlov4v@about.me,Male,112.204.118.16
177,Doy,Monaghan,dmonaghan4w@jalbum.net,Male,90.30.136.61
178,Tobe,Siddele,tsiddele4x@java.com,Female,87.96.190.237
179,Brena,Smartman,bsmartman4y@youku.com,Genderfluid,16.190.205.224
180,Flin,Jeannaud,fjeannaud4z@noaa.gov,Male,27.252.188.202
181,Artie,Vernazza,avernazza50@blogger.com,Male,252.213.254.33
182,Christian,Morritt,cmorritt51@arstechnica.com,Male,214.175.247.181
183,Prissie,Kemer,pkemer52@people.com.cn,Female,74.4.239.111
184,Tomi,Adriano,tadriano53@sphinn.com,Female,204.217.174.19
185,Mamie,Meco,mmeco54@statcounter.com,Female,125.147.114.84
186,Nerta,Spieck,nspieck55@bloomberg.com,Female,51.152.167.254
187,Allene,Nekrews,anekrews56@ning.com,Genderqueer,10.223.212.210
188,Roarke,Wheway,rwheway57@nationalgeographic.com,Male,228.18.111.78
189,Mirabella,Newens,mnewens58@yolasite.com,Female,19.68.208.248
190,Gradeigh,Wethered,gwethered59@usnews.com,Male,97.94.185.167
191,Joanna,Northcote,jnorthcote5a@ft.com,Female,132.50.130.8
192,Rudyard,Butson,rbutson5b@imageshack.us,Male,96.9.69.59
193,Eran,Belly,ebelly5c@theglobeandmail.com,Female,130.96.197.42
194,Feodora,Stennes,fstennes5d@fc2.com,Female,118.87.89.243
195,Brynna,Pacitti,bpacitti5e@dagondesign.com,Female,45.165.34.217
196,Zonnya,Minchindon,zminchindon5f@spotify.com,Female,150.175.31.71
197,Sigismundo,Sharma,ssharma5g@prnewswire.com,Male,173.105.184.77
198,Farrell,Laundon,flaundon5h@nymag.com,Agender,56.201.107.19
199,Risa,Cushe,rcushe5i@wufoo.com,Female,79.189.139.78
200,Gualterio,McCrum,gmccrum5j@123-reg.co.uk,Male,59.201.91.184
201,Eddy,Collop,ecollop5k@is.gd,Male,147.155.167.195
202,Hester,Saladin,hsaladin5l@goo.ne.jp,Female,176.64.21.48
203,Vinny,Capstake,vcapstake5m@yahoo.co.jp,Female,10.61.27.74
204,Arly,MacDougal,amacdougal5n@hhs.gov,Female,34.38.24.234
205,Elle,Chapling,echapling5o@ameblo.jp,Female,8.62.189.237
206,Germain,Vasiliev,gvasiliev5p@cdbaby.com,Female,222.172.12.253
207,Enrique,Sitlington,esitlington5q@bing.com,Male,125.102.61.86
208,Karil,Joliffe,kjoliffe5r@vk.com,Female,65.120.42.221
209,Man,Vigrass,mvigrass5s@wordpress.com,Male,87.173.92.148
210,Tucky,Lovitt,tlovitt5t@google.com.hk,Male,88.223.244.233
211,Adolphe,Mitrovic,amitrovic5u@ftc.gov,Polygender,21.149.216.89
212,Slade,Lovart,slovart5v@disqus.com,Non-binary,243.168.84.122
213,Jedediah,Chate,jchate5w@admin.ch,Male,221.48.3.181
214,Dagny,Hundall,dhundall5x@baidu.com,Male,216.213.13.137
215,Georg,Sanbrook,gsanbrook5y@sciencedaily.com,Male,135.103.28.11
216,Hertha,Pearton,hpearton5z@weibo.com,Female,103.121.135.188
217,Brina,Dun,bdun60@live.com,Female,124.153.232.18
218,Kerk,Brettor,kbrettor61@ebay.com,Male,38.153.88.104
219,Merlina,Coviello,mcoviello62@thetimes.co.uk,Female,93.217.70.12
220,Drona,Haensel,dhaensel63@scientificamerican.com,Female,136.136.0.189
221,Giffie,State,gstate64@tinypic.com,Agender,148.192.66.0
222,Hewitt,Norcott,hnorcott65@foxnews.com,Male,151.75.98.47
223,Abby,Lyndon,alyndon66@nymag.com,Male,72.243.145.241
224,Iseabal,Ryde,iryde67@reddit.com,Female,156.48.100.80
225,Tobe,Gwynn,tgwynn68@uol.com.br,Female,191.48.209.158
226,Edwin,Odda,eodda69@go.com,Male,115.179.9.199
227,Ekaterina,Waldram,ewaldram6a@wikipedia.org,Female,114.162.164.52
228,Elaine,Giacubo,egiacubo6b@psu.edu,Non-binary,37.90.207.230
229,Eamon,Whetton,ewhetton6c@eepurl.com,Male,170.131.6.46
230,Aile,McGoon,amcgoon6d@desdev.cn,Female,255.108.182.7
231,Quill,Opie,qopie6e@eventbrite.com,Male,186.0.149.173
232,Kyle,Lightowler,klightowler6f@mac.com,Female,160.58.249.88
233,Erv,Humpherston,ehumpherston6g@multiply.com,Male,180.157.47.245
234,Godfry,Enever,genever6h@prweb.com,Male,34.33.163.117
235,Ayn,Caisley,acaisley6i@istockphoto.com,Female,78.104.48.134
236,Lilia,Schoenleiter,lschoenleiter6j@bizjournals.com,Female,195.255.60.141
237,Andeee,Aristide,aaristide6k@ed.gov,Female,237.149.186.69
238,Tracy,Rivenzon,trivenzon6l@telegraph.co.uk,Male,39.187.101.127
239,Paula,Brady,pbrady6m@addthis.com,Polygender,114.186.77.252
240,Rinaldo,Lodemann,rlodemann6n@yandex.ru,Male,220.3.135.27
241,Dewain,Goodhand,dgoodhand6o@clickbank.net,Male,46.224.146.6
242,Trina,Rikel,trikel6p@walmart.com,Female,213.93.229.60
243,Steven,Stolle,sstolle6q@cornell.edu,Male,62.154.188.155
244,Vinny,Cicco,vcicco6r@comsenz.com,Female,253.49.197.193
245,Alvina,Padley,apadley6s@mit.edu,Female,116.233.115.113
246,Katherina,Bankes,kbankes6t@mlb.com,Female,26.80.248.231
247,Julita,Hedden,jhedden6u@msn.com,Female,166.195.245.70
248,Jeanelle,Basnett,jbasnett6v@edublogs.org,Female,142.44.62.255
249,Royce,Trimnell,rtrimnell6w@gizmodo.com,Male,56.142.120.112
250,Benson,Olrenshaw,bolrenshaw6x@yellowpages.com,Male,64.32.28.146
251,Cameron,Brade,cbrade6y@nbcnews.com,Male,155.145.63.153
252,Meggie,Sahlstrom,msahlstrom6z@github.io,Female,1.202.211.232
253,Aleksandr,McPeice,amcpeice70@simplemachines.org,Male,67.117.164.136
254,Netty,Wardle,nwardle71@nydailynews.com,Female,151.206.99.19
255,Avery,Waterson,awaterson72@bloomberg.com,Non-binary,17.58.156.18
256,Haze,Farnish,hfarnish73@jalbum.net,Male,170.109.177.26
257,Lind,Durrell,ldurrell74@google.co.jp,Male,125.27.83.37
258,Catlee,Grumble,cgrumble75@360.cn,Female,146.203.9.89
259,Annadiana,Rubinivitz,arubinivitz76@ycombinator.com,Female,144.81.241.202
260,Mela,Renvoys,mrenvoys77@qq.com,Female,198.67.175.217
261,Cleve,Banbrook,cbanbrook78@microsoft.com,Agender,239.41.17.85
262,Gale,Krysztofowicz,gkrysztofowicz79@issuu.com,Male,197.76.219.255
263,Petey,Keedwell,pkeedwell7a@yale.edu,Male,253.217.199.48
264,Bernie,Merrin,bmerrin7b@wufoo.com,Female,9.107.202.243
265,Wendel,Campbell,wcampbell7c@naver.com,Male,244.186.221.215
266,Eolande,Ravilus,eravilus7d@moonfruit.com,Female,196.85.124.137
267,Valentino,Pinchen,vpinchen7e@chron.com,Male,194.31.201.195
268,Westbrooke,Spradbery,wspradbery7f@privacy.gov.au,Male,68.136.56.183
269,Michaelina,Stienham,mstienham7g@zdnet.com,Female,120.159.149.116
270,Beatriz,Behnen,bbehnen7h@hexun.com,Female,157.111.10.29
271,Andris,Copnall,acopnall7i@i2i.jp,Male,2.130.111.210
272,Lacie,Raggitt,lraggitt7j@dedecms.com,Female,125.229.113.185
273,Brucie,Newey,bnewey7k@example.com,Male,140.119.105.102
274,Bidget,Serle,bserle7l@wired.com,Female,71.254.205.61
275,Hilda,Vanshin,hvanshin7m@meetup.com,Female,89.157.226.33
276,Yorke,Worsnap,yworsnap7n@miibeian.gov.cn,Male,202.191.182.138
277,Harbert,Millwall,hmillwall7o@infoseek.co.jp,Male,234.174.24.216
278,Florence,Byass,fbyass7p@rediff.com,Female,130.79.5.197
279,Clarabelle,Belfitt,cbelfitt7q@altervista.org,Genderfluid,178.217.105.45
280,Michele,Brick,mbrick7r@umich.edu,Female,65.22.34.72
281,Rory,Elster,relster7s@cmu.edu,Genderfluid,148.40.244.37
282,Chucho,Gavrielli,cgavrielli7t@theatlantic.com,Non-binary,204.73.97.11
283,Garry,Skillington,gskillington7u@chron.com,Genderqueer,44.54.208.14
284,Rory,Sisey,rsisey7v@usgs.gov,Male,64.194.187.132
285,Sianna,Nisius,snisius7w@1688.com,Female,238.61.237.70
286,Christy,Loughhead,cloughhead7x@issuu.com,Female,123.90.3.23
287,Claire,Etter,cetter7y@sciencedirect.com,Female,165.66.222.21
288,Davida,Pomfrett,dpomfrett7z@state.tx.us,Female,132.28.202.197
289,Philippa,Adamovich,padamovich80@theatlantic.com,Female,167.121.179.190
290,Gavan,Spridgeon,gspridgeon81@netvibes.com,Male,109.223.229.24
291,Vicki,Capron,vcapron82@shinystat.com,Female,152.213.221.131
292,Giacobo,Godmar,ggodmar83@craigslist.org,Male,210.27.42.168
293,Maison,Davydzenko,mdavydzenko84@drupal.org,Male,197.115.13.245
294,Kim,Astall,kastall85@yale.edu,Male,32.13.252.186
295,Wright,Crysell,wcrysell86@bloglovin.com,Male,0.72.240.163
296,Hetty,Covey,hcovey87@unesco.org,Female,73.127.109.108
297,Glen,Bruins,gbruins88@apple.com,Male,42.135.167.87
298,Derrik,Hanfrey,dhanfrey89@techcrunch.com,Male,89.230.208.181
299,Rock,Adan,radan8a@xing.com,Male,31.88.206.113
300,Nessie,Marchi,nmarchi8b@mayoclinic.com,Female,61.52.234.172
301,Gabbey,Whal,gwhal8c@apache.org,Agender,197.221.41.213
302,Sidoney,Goter,sgoter8d@weather.com,Female,79.17.223.5
303,Sutherlan,Rosenzwig,srosenzwig8e@guardian.co.uk,Male,193.118.193.143
304,Hermann,Money,hmoney8f@twitpic.com,Male,73.173.15.76
305,Prince,McCroary,pmccroary8g@stumbleupon.com,Male,86.184.203.219
306,Ingelbert,Plaide,iplaide8h@amazon.co.jp,Male,243.78.220.45
307,Vilhelmina,O'Neal,voneal8i@comcast.net,Female,179.0.216.229
308,Gretta,Davidof,gdavidof8j@gmpg.org,Female,29.166.222.224
309,Onofredo,Paff,opaff8k@wikispaces.com,Male,62.145.133.183
310,Darlleen,Hallt,dhallt8l@gov.uk,Female,241.90.2.198
311,Amery,Barrat,abarrat8m@tiny.cc,Male,113.238.180.26
312,Oliviero,McAllen,omcallen8n@dion.ne.jp,Male,160.24.38.119
313,Janenna,Kobiera,jkobiera8o@freewebs.com,Female,114.38.238.179
314,Case,Ponsford,cponsford8p@google.es,Male,50.62.246.24
315,Mycah,Lipson,mlipson8q@bloglovin.com,Male,94.201.113.17
316,Porty,Verner,pverner8r@accuweather.com,Male,218.88.9.193
317,Rhianna,Saylor,rsaylor8s@odnoklassniki.ru,Female,7.215.20.104
318,Iorgos,Mitkcov,imitkcov8t@chronoengine.com,Male,205.141.142.212
319,Nikolas,Stidston,nstidston8u@who.int,Male,56.231.241.89
320,Vinnie,Opdenorth,vopdenorth8v@google.com.hk,Female,22.206.245.175
321,Doralynn,Sueter,dsueter8w@narod.ru,Female,247.209.55.196
322,Thacher,Gallant,tgallant8x@salon.com,Male,58.151.236.130
323,Ros,Brindle,rbrindle8y@nifty.com,Female,240.107.74.191
324,Patsy,Matzen,pmatzen8z@engadget.com,Female,102.197.206.147
325,Jamill,Stobbart,jstobbart90@list-manage.com,Genderfluid,188.110.216.231
326,Vonni,Townshend,vtownshend91@bloomberg.com,Female,170.129.38.21
327,Frasquito,Folland,ffolland92@sohu.com,Male,54.58.151.61
328,Clemente,Allard,callard93@intel.com,Male,10.29.198.230
329,Julie,Bartoletti,jbartoletti94@istockphoto.com,Male,107.249.246.105
330,Giffie,MacGillicuddy,gmacgillicuddy95@zimbio.com,Male,66.71.180.189
331,Jeana,Lampitt,jlampitt96@craigslist.org,Female,199.141.6.224
332,Alfreda,Twelve,atwelve97@statcounter.com,Genderfluid,95.185.150.39
333,Corella,Morland,cmorland98@histats.com,Female,42.7.135.249
334,Stearne,Boast,sboast99@youtu.be,Male,54.75.20.158
335,Jillie,Mosedall,jmosedall9a@auda.org.au,Genderqueer,67.8.145.32
336,Dukey,Scruby,dscruby9b@sun.com,Male,111.255.104.170
337,Shellie,Pickwell,spickwell9c@china.com.cn,Female,185.18.30.114
338,Aland,Casazza,acasazza9d@amazonaws.com,Male,75.237.156.75
339,Loria,Breeton,lbreeton9e@harvard.edu,Female,182.81.111.195
340,Fleming,Carrabot,fcarrabot9f@stanford.edu,Male,0.35.7.194
341,Natale,Jex,njex9g@eepurl.com,Polygender,78.54.35.198
342,Darryl,Blackaller,dblackaller9h@mysql.com,Male,149.6.183.232
343,Urbanus,Chapell,uchapell9i@ow.ly,Male,85.101.158.213
344,Corby,Antrobus,cantrobus9j@storify.com,Male,7.38.172.25
345,Ella,Porker,eporker9k@weibo.com,Bigender,29.223.172.19
346,Laura,Soldner,lsoldner9l@npr.org,Female,178.124.5.98
347,Tine,Hornung,thornung9m@a8.net,Female,208.160.102.11
348,Sherilyn,Hollow,shollow9n@dailymail.co.uk,Female,234.180.65.71
349,Lind,Gillise,lgillise9o@ustream.tv,Female,131.61.207.164
350,Jammie,Woltering,jwoltering9p@google.ca,Female,247.7.120.8
351,Britt,Cauldwell,bcauldwell9q@berkeley.edu,Female,81.164.61.171
352,Culley,McGeffen,cmcgeffen9r@washington.edu,Non-binary,201.225.83.83
353,Nickolai,MacCague,nmaccague9s@symantec.com,Male,126.23.96.99
354,Hy,Juanico,hjuanico9t@berkeley.edu,Male,126.173.242.125
355,Tamarra,Nowaczyk,tnowaczyk9u@hubpages.com,Female,94.84.63.54
356,Tarra,Tanby,ttanby9v@ucla.edu,Female,15.46.187.172
357,Thedric,Kensit,tkensit9w@wiley.com,Genderqueer,199.229.96.147
358,Teador,Eskriett,teskriett9x@cdc.gov,Male,38.86.76.73
359,Enrique,Leathers,eleathers9y@pbs.org,Genderfluid,108.83.70.6
360,Olympia,Sharpin,osharpin9z@vinaora.com,Female,214.88.141.46
361,Konstantin,Dewicke,kdewickea0@de.vu,Male,120.244.156.218
362,Dre,Smorfit,dsmorfita1@berkeley.edu,Female,59.89.47.140
363,Levy,Meininking,lmeininkinga2@omniture.com,Male,214.121.19.114
364,Gail,Grogor,ggrogora3@godaddy.com,Female,8.215.153.179
365,Charmane,Annwyl,cannwyla4@digg.com,Female,138.27.112.210
366,Fred,Sweetlove,fsweetlovea5@yolasite.com,Female,251.64.247.153
367,Douglas,Leatherborrow,dleatherborrowa6@apple.com,Male,225.63.31.146
368,Hayes,Jahnel,hjahnela7@soundcloud.com,Male,34.94.20.96
369,Myrah,Stuck,mstucka8@amazonaws.com,Female,227.161.116.199
370,Nicolis,Folbig,nfolbiga9@nymag.com,Male,251.205.42.221
371,Olav,Basnett,obasnettaa@businessweek.com,Genderfluid,160.53.91.153
372,Blakelee,Crossfeld,bcrossfeldab@economist.com,Female,213.165.108.235
373,Cassandry,Neil,cneilac@youtu.be,Female,66.108.233.61
374,Cathee,Shurman,cshurmanad@goodreads.com,Female,74.21.71.217
375,Andrej,Bagwell,abagwellae@sfgate.com,Male,156.1.110.92
376,Eugenio,Tuke,etukeaf@plala.or.jp,Male,182.5.190.41
377,Leone,Feasley,lfeasleyag@deviantart.com,Female,59.202.177.59
378,Sig,Waterman,swatermanah@ifeng.com,Male,88.230.67.34
379,Hartwell,Ambrosoni,hambrosoniai@sciencedaily.com,Male,35.89.26.196
380,Zarah,Dank,zdankaj@trellian.com,Female,202.215.211.7
381,Laetitia,Aggs,laggsak@typepad.com,Female,213.26.223.249
382,Armando,Cotgrove,acotgroveal@intel.com,Male,92.3.218.153
383,Remus,Marquand,rmarquandam@jalbum.net,Male,144.58.88.168
384,Erinn,Fleisch,efleischan@tinyurl.com,Female,2.196.241.184
385,Lindsay,Roylance,lroylanceao@theatlantic.com,Male,146.19.120.139
386,Gino,Caskie,gcaskieap@ovh.net,Male,7.127.163.128
387,Leanora,Cavil,lcavilaq@cisco.com,Female,69.81.31.74
388,Harvey,Skrine,hskrinear@ning.com,Male,205.122.195.108
389,Rourke,Galfour,rgalfouras@blogs.com,Non-binary,213.69.227.131
390,Delia,Bake,dbakeat@rambler.ru,Female,210.57.138.55
391,Johnnie,Dakin,jdakinau@bizjournals.com,Male,15.173.190.61
392,Allie,Dayne,adayneav@github.io,Male,131.0.79.166
393,Amby,Oiseau,aoiseauaw@technorati.com,Male,36.252.25.215
394,Constantin,Gammett,cgammettax@paypal.com,Male,181.75.81.93
395,Phip,McChruiter,pmcchruiteray@sphinn.com,Male,82.154.201.211
396,Kira,Rieme,kriemeaz@photobucket.com,Female,188.193.8.189
397,Silvain,Arlott,sarlottb0@shutterfly.com,Male,54.202.186.115
398,Artemis,Powton,apowtonb1@seattletimes.com,Male,161.200.76.156
399,Jennette,Gratrex,jgratrexb2@unblog.fr,Female,10.238.48.61
400,Isa,Bruhke,ibruhkeb3@soup.io,Female,135.234.114.91
401,Patsy,Thorold,pthoroldb4@usnews.com,Male,151.124.188.28
402,Sandie,Stolle,sstolleb5@wikipedia.org,Female,3.63.49.201
403,Quintus,Neem,qneemb6@dyndns.org,Male,153.116.162.123
404,Sonja,Brolan,sbrolanb7@icq.com,Female,22.154.203.170
405,Elysha,Haquin,ehaquinb8@biglobe.ne.jp,Female,24.47.138.123
406,Remy,Huggin,rhugginb9@addthis.com,Female,205.38.133.242
407,Hakim,Greep,hgreepba@prlog.org,Male,179.167.65.225
408,Dana,Khalid,dkhalidbb@craigslist.org,Male,145.210.8.69
409,Averil,Tull,atullbc@infoseek.co.jp,Genderfluid,62.96.6.149
410,Pat,Ling,plingbd@oakley.com,Female,141.141.187.111
411,Neal,Roskrug,nroskrugbe@geocities.com,Male,237.33.13.3
412,Artemis,Mathely,amathelybf@ox.ac.uk,Male,250.15.22.228
413,Herrick,Thurby,hthurbybg@ihg.com,Male,186.12.125.63
414,Brien,Ellerker,bellerkerbh@ovh.net,Male,217.22.245.131
415,Marlie,MacAne,mmacanebi@pcworld.com,Female,142.129.60.156
416,Araldo,Gorioli,agoriolibj@microsoft.com,Male,53.23.124.180
417,Dyanne,Iiannone,diiannonebk@mapy.cz,Female,249.243.8.176
418,Hamnet,Attreed,hattreedbl@goodreads.com,Male,81.248.215.160
419,Cinda,Karchowski,ckarchowskibm@hatena.ne.jp,Female,87.87.62.35
420,Granger,Hoggan,ghogganbn@mtv.com,Male,179.221.158.205
421,Nelia,Elcy,nelcybo@hhs.gov,Female,197.210.100.106
422,Rosalynd,Fearnall,rfearnallbp@amazon.com,Female,151.147.50.237
423,Vally,Norcross,vnorcrossbq@va.gov,Female,134.205.140.81
424,Beverlie,O'Grogane,bogroganebr@unicef.org,Female,138.180.92.101
425,Alexi,Macon,amaconbs@bandcamp.com,Female,123.190.187.236
426,Chet,Stanney,cstanneybt@amazon.de,Male,17.198.170.98
427,Karlens,Barrowcliff,kbarrowcliffbu@huffingtonpost.com,Male,137.238.88.249
428,Rhianna,Gault,rgaultbv@blinklist.com,Female,126.244.77.32
429,Seamus,Yankov,syankovbw@upenn.edu,Genderqueer,221.195.74.14
430,Jaymee,Flaxon,jflaxonbx@creativecommons.org,Female,104.217.235.180
431,Philomena,Carrington,pcarringtonby@sourceforge.net,Female,57.172.229.234
432,Odie,Emtage,oemtagebz@si.edu,Male,171.150.64.137
433,Gabie,Snaith,gsnaithc0@theguardian.com,Male,120.133.144.21
434,Jennifer,Craigg,jcraiggc1@cdc.gov,Female,62.180.66.183
435,Grantley,Stothert,gstothertc2@nasa.gov,Male,56.89.38.104
436,Ortensia,De Leek,odeleekc3@nhs.uk,Female,125.191.93.92
437,Zack,Gibbieson,zgibbiesonc4@blogs.com,Male,61.248.124.78
438,Aristotle,Foakes,afoakesc5@devhub.com,Male,136.17.239.230
439,Stephanie,Haggar,shaggarc6@adobe.com,Female,107.109.196.222
440,Cati,Bodicam,cbodicamc7@goodreads.com,Polygender,185.34.194.82
441,Raff,Egle of Germany,regleofgermanyc8@epa.gov,Male,138.167.17.19
442,Rani,McCraw,rmccrawc9@opensource.org,Female,204.83.196.218
443,Alvan,Blunkett,ablunkettca@youku.com,Male,46.70.248.172
444,Astrid,Hackinge,ahackingecb@thetimes.co.uk,Female,169.21.196.150
445,Lay,Trillow,ltrillowcc@cdbaby.com,Male,173.132.57.43
446,Chere,Brockest,cbrockestcd@weebly.com,Female,151.101.11.157
447,Brigg,Metherell,bmetherellce@google.co.uk,Male,212.205.154.66
448,Franklin,Duetsche,fduetschecf@mayoclinic.com,Male,208.97.5.101
449,Lorine,Novill,lnovillcg@cornell.edu,Female,49.82.73.233
450,Luisa,Baum,lbaumch@godaddy.com,Female,32.165.94.103
451,Gabrila,Albone,galboneci@rambler.ru,Female,225.249.203.47
452,Griffin,Bourdis,gbourdiscj@macromedia.com,Male,171.84.31.187
453,Chickie,Ondrak,condrakck@freewebs.com,Male,226.216.56.240
454,Dee dee,Woolner,dwoolnercl@sbwire.com,Female,130.249.160.189
455,Enos,Chatband,echatbandcm@oaic.gov.au,Male,230.126.137.192
456,Clo,Ragate,cragatecn@go.com,Genderfluid,120.89.203.34
457,Mechelle,Phillip,mphillipco@illinois.edu,Female,9.44.63.134
458,Oswell,Tidmarsh,otidmarshcp@goodreads.com,Male,33.33.37.195
459,Rodd,Eykelbosch,reykelboschcq@youku.com,Male,0.220.130.231
460,Franky,Di Antonio,fdiantoniocr@pcworld.com,Male,88.125.138.22
461,Brok,Clemenson,bclemensoncs@eventbrite.com,Male,232.152.207.180
462,Barton,Brixey,bbrixeyct@is.gd,Male,240.111.238.67
463,Crosby,Baytrop,cbaytropcu@pcworld.com,Male,173.56.252.132
464,Jillana,Brandenberg,jbrandenbergcv@comcast.net,Female,249.203.194.12
465,Cherise,Stopps,cstoppscw@xing.com,Female,62.152.95.56
466,Ashli,Olivi,aolivicx@mlb.com,Female,245.130.67.15
467,Blanche,Lange,blangecy@adobe.com,Female,124.121.47.113
468,Lukas,Elsom,lelsomcz@kickstarter.com,Male,27.50.111.7
469,Brooke,Assante,bassanted0@blogtalkradio.com,Female,219.6.212.149
470,Andy,Castell,acastelld1@flickr.com,Female,112.229.25.210
471,Adiana,Stockbridge,astockbridged2@seesaa.net,Female,242.217.88.215
472,Lanie,Poundford,lpoundfordd3@go.com,Female,167.55.158.81
473,Robbin,Samweyes,rsamweyesd4@geocities.jp,Female,49.56.68.253
474,Minor,Drissell,mdrisselld5@webeden.co.uk,Male,3.82.75.30
475,Bruno,Latan,blatand6@cpanel.net,Male,26.244.98.242
476,Wildon,Flannery,wflanneryd7@e-recht24.de,Male,37.15.110.62
477,Kirbie,Glavin,kglavind8@omniture.com,Female,38.101.147.164
478,Dick,Findlater,dfindlaterd9@dagondesign.com,Male,13.119.119.101
479,Gustav,Tibald,gtibaldda@netlog.com,Male,54.125.103.252
480,Griffith,O' Markey,gomarkeydb@japanpost.jp,Male,110.175.156.211
481,Tricia,Taplow,ttaplowdc@dyndns.org,Female,102.93.149.151
482,Tabbie,Gall,tgalldd@pen.io,Male,253.3.33.0
483,Bendix,Jozwik,bjozwikde@zimbio.com,Male,247.183.245.23
484,Tandy,Breeder,tbreederdf@craigslist.org,Non-binary,159.190.237.27
485,Lilian,Pendrey,lpendreydg@zdnet.com,Female,254.155.18.33
486,Melosa,Ambler,mamblerdh@springer.com,Female,99.221.83.220
487,Liesa,Schaben,lschabendi@spiegel.de,Female,155.142.226.230
488,Burty,Dunster,bdunsterdj@github.com,Male,93.208.178.20
489,Aurore,Mapston,amapstondk@pen.io,Female,202.215.60.208
490,Paton,Gilvary,pgilvarydl@printfriendly.com,Male,87.120.54.205
491,Billy,O'Sherin,bosherindm@wufoo.com,Male,163.126.114.214
492,Seth,Work,sworkdn@icio.us,Polygender,59.73.186.30
493,Sibley,Scrange,sscrangedo@webmd.com,Female,26.22.173.111
494,Agnese,O'Mohun,aomohundp@wiley.com,Female,115.163.19.193
495,Mellie,Challinor,mchallinordq@ox.ac.uk,Female,190.203.40.149
496,Fiorenze,Coggles,fcogglesdr@craigslist.org,Female,106.27.215.243
497,Lon,Durnford,ldurnfordds@vistaprint.com,Male,96.165.103.63
498,Arne,Padwick,apadwickdt@furl.net,Male,53.119.128.140
499,Charmine,Sunner,csunnerdu@ftc.gov,Female,80.179.78.13
500,Chic,Grimble,cgrimbledv@drupal.org,Male,37.211.123.44
501,Shea,Potell,spotelldw@pagesperso-orange.fr,Male,161.48.105.216
502,Agathe,Genike,agenikedx@go.com,Female,236.180.8.100
503,Pasquale,Hosburn,phosburndy@oaic.gov.au,Male,20.207.86.248
504,Artair,Vassel,avasseldz@alibaba.com,Male,217.246.190.117
505,Stefan,Umfrey,sumfreye0@deviantart.com,Male,178.113.44.233
506,Hartwell,Roubeix,hroubeixe1@hao123.com,Male,229.69.20.84
507,Aime,Thornley,athornleye2@newyorker.com,Female,7.149.65.173
508,Ermin,Langelaan,elangelaane3@oakley.com,Male,252.210.167.220
509,Brian,Bonnor,bbonnore4@java.com,Male,218.125.134.138
510,Cary,Staples,cstaplese5@amazonaws.com,Male,97.77.28.28
511,Pammi,Kulvear,pkulveare6@cdc.gov,Female,218.251.91.80
512,Fay,Lake,flakee7@sbwire.com,Female,158.249.169.157
513,Lambert,Aikman,laikmane8@youtu.be,Male,100.206.59.229
514,Miran,Trevon,mtrevone9@irs.gov,Female,121.193.1.98
515,Luce,Meggison,lmeggisonea@blogtalkradio.com,Female,197.173.157.186
516,Sianna,Blaney,sblaneyeb@istockphoto.com,Female,157.193.81.188
517,Meade,Wringe,mwringeec@guardian.co.uk,Male,23.67.83.112
518,Adrianne,Ferraron,aferraroned@mit.edu,Female,20.59.71.108
519,Wait,McNaughton,wmcnaughtonee@csmonitor.com,Male,59.52.35.24
520,Roxana,Halfhide,rhalfhideef@bizjournals.com,Female,230.41.128.116
521,Muriel,Duggon,mduggoneg@noaa.gov,Female,16.218.111.8
522,Jandy,Leake,jleakeeh@ca.gov,Female,82.204.57.54
523,Janeva,Coltart,jcoltartei@spiegel.de,Female,83.22.169.251
524,Rhea,Sherringham,rsherringhamej@cornell.edu,Female,135.142.18.230
525,Cherish,Chasmar,cchasmarek@joomla.org,Genderqueer,181.84.24.206
526,Rhoda,Marchington,rmarchingtonel@uol.com.br,Female,214.135.22.30
527,Harlie,Allso,hallsoem@bizjournals.com,Female,119.142.89.130
528,Mel,Gresswell,mgresswellen@patch.com,Male,25.244.49.94
529,Edik,Caddock,ecaddockeo@wikispaces.com,Male,173.213.154.1
530,Shir,Inott,sinottep@cnet.com,Female,195.5.53.206
531,Wallie,Phillip,wphillipeq@usgs.gov,Male,20.19.90.92
532,Arny,Ballinger,aballingerer@com.com,Polygender,94.100.98.118
533,Ellynn,Stockoe,estockoees@meetup.com,Female,105.34.52.136
534,Matthieu,Ventura,mventuraet@godaddy.com,Male,219.121.17.39
535,Wynne,Janek,wjanekeu@bluehost.com,Female,223.101.151.211
536,Corette,Compton,ccomptonev@spiegel.de,Female,247.127.43.153
537,Martie,Deeson,mdeesonew@blogs.com,Agender,33.67.203.221
538,Hale,Bezley,hbezleyex@exblog.jp,Male,61.162.35.133
539,Netta,Doyley,ndoyleyey@surveymonkey.com,Female,240.110.80.77
540,Flo,Keningham,fkeninghamez@narod.ru,Agender,220.31.114.133
541,Abbey,Lapslie,alapslief0@usda.gov,Female,207.31.146.2
542,Robbert,Sotheby,rsothebyf1@cbsnews.com,Male,254.155.172.210
543,Paten,Everleigh,peverleighf2@jimdo.com,Male,183.134.163.72
544,Douglas,Mar,dmarf3@archive.org,Male,87.37.245.179
545,Odie,Younghusband,oyounghusbandf4@marriott.com,Male,243.129.137.183
546,Clementius,Larciere,clarcieref5@free.fr,Male,227.134.244.222
547,Elisha,Matula,ematulaf6@sphinn.com,Male,67.65.42.168
548,Cal,Olivera,coliveraf7@phoca.cz,Polygender,198.105.191.13
549,Hobie,Raithmill,hraithmillf8@mlb.com,Male,37.123.31.119
550,Zechariah,De Giorgis,zdegiorgisf9@storify.com,Male,141.67.57.228
551,Georgi,Brightwell,gbrightwellfa@bluehost.com,Male,245.25.14.95
552,Emery,Chewter,echewterfb@cargocollective.com,Male,221.207.34.115
553,Jervis,Edelston,jedelstonfc@goo.ne.jp,Male,91.209.237.119
554,Shane,Grayshan,sgrayshanfd@amazon.com,Genderqueer,16.114.134.117
555,Andrus,Staley,astaleyfe@fotki.com,Male,139.108.31.244
556,Byran,Tranmer,btranmerff@pcworld.com,Male,184.176.0.224
557,Nathanil,Frankham,nfrankhamfg@wunderground.com,Male,21.111.239.252
558,Esme,Mazzei,emazzeifh@topsy.com,Male,207.115.42.48
559,Gun,Rappoport,grappoportfi@cargocollective.com,Male,234.18.43.137
560,Rubie,Meechan,rmeechanfj@jigsy.com,Female,225.161.108.137
561,Anselm,Woltering,awolteringfk@comsenz.com,Male,119.28.185.110
562,Gradeigh,Ovise,govisefl@omniture.com,Male,97.133.240.5
563,Ariana,Kenewel,akenewelfm@hexun.com,Female,91.109.201.246
564,Freddy,Stook,fstookfn@cnbc.com,Female,27.30.131.25
565,Sidney,Dalston,sdalstonfo@xing.com,Male,156.170.51.152
566,Karina,Chapellow,kchapellowfp@china.com.cn,Female,190.146.80.229
567,Leon,Olczak,lolczakfq@liveinternet.ru,Male,58.60.105.118
568,Charin,Keighley,ckeighleyfr@tiny.cc,Female,83.191.21.188
569,Belicia,McTrustey,bmctrusteyfs@imgur.com,Female,157.213.145.101
570,Cam,Janway,cjanwayft@sina.com.cn,Male,123.43.181.67
571,Anya,Anster,aansterfu@studiopress.com,Female,138.8.174.108
572,Clemmie,Loxley,cloxleyfv@homestead.com,Male,23.57.104.14
573,Ivette,Ham,ihamfw@is.gd,Female,170.109.148.139
574,Clemmie,Kirstein,ckirsteinfx@tinyurl.com,Male,6.177.98.71
575,Angelita,De Fries,adefriesfy@admin.ch,Female,14.155.104.53
576,Karoline,Kinchley,kkinchleyfz@ow.ly,Female,45.84.129.213
577,Kissie,Mouse,kmouseg0@harvard.edu,Bigender,180.185.220.125
578,Melesa,Yitzowitz,myitzowitzg1@flavors.me,Female,245.107.215.79
579,Stavros,Midghall,smidghallg2@guardian.co.uk,Male,228.191.189.123
580,Cloe,Bresner,cbresnerg3@archive.org,Female,58.245.191.172
581,Rodolphe,Juza,rjuzag4@nature.com,Male,64.68.116.44
582,Jennifer,Stephens,jstephensg5@google.ru,Female,56.53.226.211
583,Fairfax,Courtenay,fcourtenayg6@amazonaws.com,Male,39.207.126.180
584,Lynn,Thew,lthewg7@nyu.edu,Male,195.190.236.8
585,Dar,Hubeaux,dhubeauxg8@addtoany.com,Male,34.11.215.15
586,Dannie,Samwyse,dsamwyseg9@cnn.com,Female,108.52.39.22
587,Jourdan,Dormand,jdormandga@uiuc.edu,Female,243.18.169.126
588,Tarrah,Denisovo,tdenisovogb@over-blog.com,Female,247.210.180.3
589,Ajay,Clevely,aclevelygc@epa.gov,Female,182.171.84.47
590,Georg,Lindop,glindopgd@shareasale.com,Male,141.56.58.26
591,Daniela,Dadds,ddaddsge@yolasite.com,Female,94.132.219.2
592,Lynn,Lovie,lloviegf@cargocollective.com,Male,0.234.52.100
593,Caleb,Owlner,cowlnergg@senate.gov,Male,44.213.180.244
594,Boycie,Fairall,bfairallgh@stanford.edu,Male,89.51.242.82
595,Peadar,Broke,pbrokegi@edublogs.org,Male,173.180.72.51
596,Siffre,Shipp,sshippgj@nymag.com,Male,113.164.78.207
597,Abner,Fedorski,afedorskigk@upenn.edu,Male,94.159.83.79
598,Emelina,Mansbridge,emansbridgegl@accuweather.com,Female,169.216.210.134
599,Amil,Smead,asmeadgm@goo.gl,Female,234.93.188.161
600,Garrik,Sywell,gsywellgn@bloglines.com,Genderfluid,136.181.24.206
601,Ewen,Bedin,ebedingo@marketwatch.com,Male,106.252.10.216
602,Pepita,Stannett,pstannettgp@tiny.cc,Female,109.151.49.76
603,Travus,Merkle,tmerklegq@symantec.com,Male,96.40.229.9
604,Ramona,Cooke,rcookegr@netlog.com,Female,201.37.113.129
605,Chaddie,Benne,cbennegs@virginia.edu,Male,14.212.0.48
606,Janean,O' Flaherty,joflahertygt@myspace.com,Female,181.136.189.112
607,Wain,Scholtis,wscholtisgu@tmall.com,Male,13.185.224.139
608,Nikolaos,Petrello,npetrellogv@google.com,Male,4.90.151.35
609,Paloma,Rawlyns,prawlynsgw@slideshare.net,Genderfluid,147.140.158.37
610,Gerrard,Madrell,gmadrellgx@blogs.com,Male,169.207.199.147
611,Nettie,Abeles,nabelesgy@ameblo.jp,Genderfluid,132.169.6.20
612,Mella,Haskur,mhaskurgz@discuz.net,Female,160.230.199.49
613,Riki,Gilson,rgilsonh0@omniture.com,Female,211.226.232.117
614,Haleigh,Reuben,hreubenh1@shop-pro.jp,Female,158.34.253.98
615,Maximilian,Marjoribanks,mmarjoribanksh2@marriott.com,Male,162.176.196.51
616,Padgett,Tofful,ptoffulh3@si.edu,Male,103.100.116.96
617,Marshall,Pratt,mpratth4@businessweek.com,Male,164.56.114.84
618,Jacintha,Kubalek,jkubalekh5@hhs.gov,Female,37.157.135.210
619,Brina,Mathes,bmathesh6@tripadvisor.com,Female,238.12.53.155
620,Hagan,Scobbie,hscobbieh7@ed.gov,Male,216.245.246.221
621,Viole,Couttes,vcouttesh8@sina.com.cn,Female,244.62.165.90
622,Erda,Verdon,everdonh9@delicious.com,Female,94.148.99.67
623,Lilli,Sollitt,lsollittha@sbwire.com,Female,159.18.96.152
624,Madalena,Haskur,mhaskurhb@feedburner.com,Female,59.8.141.132
625,Alfonse,Denkin,adenkinhc@xinhuanet.com,Male,192.235.140.115
626,Dame,Ong,donghd@com.com,Male,172.147.33.204
627,Blanch,Bonicelli,bbonicellihe@irs.gov,Female,209.111.22.180
628,Layne,Berg,lberghf@digg.com,Female,206.124.114.196
629,Phaidra,Blinder,pblinderhg@behance.net,Female,54.42.7.96
630,Cornelius,Guyonneau,cguyonneauhh@omniture.com,Male,84.159.47.55
631,Hyacinthia,Keuning,hkeuninghi@bing.com,Female,215.207.75.238
632,Urbano,Canizares,ucanizareshj@spiegel.de,Male,105.83.7.93
633,Wye,Elesander,welesanderhk@quantcast.com,Male,46.116.152.255
634,Sherwood,Easseby,seassebyhl@ebay.com,Male,136.154.109.125
635,Stirling,Dessant,sdessanthm@hostgator.com,Male,40.246.181.91
636,Zara,Carney,zcarneyhn@goo.gl,Female,69.73.196.101
637,Jany,Butterfint,jbutterfintho@mozilla.com,Female,250.156.14.130
638,Britta,Mordon,bmordonhp@ycombinator.com,Female,218.149.134.253
639,Wake,Kock,wkockhq@google.de,Male,22.243.121.127
640,Gabriele,Quantrell,gquantrellhr@home.pl,Male,25.127.53.113
641,Sarine,Halfpenny,shalfpennyhs@simplemachines.org,Female,74.227.89.115
642,Thorndike,Kitlee,tkitleeht@networkadvertising.org,Male,51.135.221.188
643,Dominga,MacMaster,dmacmasterhu@360.cn,Female,118.254.44.0
644,Ermentrude,MacKettrick,emackettrickhv@deviantart.com,Female,40.44.121.240
645,Muhammad,Heinrich,mheinrichhw@adobe.com,Male,67.72.74.104
646,Samuele,Heisler,sheislerhx@ucoz.com,Male,44.186.59.137
647,Clemmie,Gurg,cgurghy@fema.gov,Male,208.54.117.108
648,Renie,Curragh,rcurraghhz@hc360.com,Genderfluid,204.206.80.163
649,Padraic,Powderham,ppowderhami0@hubpages.com,Male,3.196.3.115
650,Nalani,Le Quesne,nlequesnei1@tiny.cc,Female,2.48.243.236
651,Cirstoforo,Smeuin,csmeuini2@google.com,Male,124.72.222.147
652,Berke,Kurth,bkurthi3@blogger.com,Male,206.90.104.65
653,Hadley,Renol,hrenoli4@shutterfly.com,Male,137.251.127.20
654,Viviene,Baldwin,vbaldwini5@ed.gov,Female,101.87.34.97
655,Stanislas,Clearie,scleariei6@freewebs.com,Male,101.12.159.64
656,Monica,Jeves,mjevesi7@bloglovin.com,Female,47.57.28.250
657,Valentin,Von Der Empten,vvonderempteni8@meetup.com,Male,28.107.184.169
658,Sly,Lindhe,slindhei9@nationalgeographic.com,Male,23.216.243.201
659,Angel,MacDiarmond,amacdiarmondia@goodreads.com,Female,55.125.193.200
660,Adore,Prendeguest,aprendeguestib@netvibes.com,Female,46.228.106.225
661,Quinta,Redhills,qredhillsic@4shared.com,Female,97.207.249.245
662,Katalin,Minkin,kminkinid@examiner.com,Female,203.42.31.232
663,Mufinella,Deboick,mdeboickie@mail.ru,Female,22.161.217.242
664,Emelita,Parbrook,eparbrookif@amazon.co.jp,Female,137.27.55.232
665,Papagena,Olpin,polpinig@wisc.edu,Female,210.120.157.4
666,Lira,McCreadie,lmccreadieih@wufoo.com,Female,210.123.230.6
667,Orran,Stonuary,ostonuaryii@liveinternet.ru,Male,41.230.165.118
668,Romeo,Lawlan,rlawlanij@wordpress.org,Male,16.242.238.183
669,Taffy,Rollings,trollingsik@themeforest.net,Female,57.110.176.54
670,Dell,Rase,draseil@qq.com,Male,174.186.80.127
671,Joachim,Bishell,jbishellim@github.io,Male,233.68.153.68
672,Arte,Pietruszka,apietruszkain@mayoclinic.com,Polygender,49.108.85.127
673,Vinni,Bonevant,vbonevantio@exblog.jp,Female,21.63.249.24
674,Elisha,Liff,eliffip@cocolog-nifty.com,Male,240.107.106.234
675,Douglass,Jedraszek,djedraszekiq@cnn.com,Male,185.23.194.149
676,Sherye,Blackey,sblackeyir@discuz.net,Female,254.154.138.159
677,Elfie,Casetti,ecasettiis@uiuc.edu,Female,203.96.169.153
678,Dyane,Peaurt,dpeaurtit@xrea.com,Female,183.196.91.204
679,Sapphira,Owain,sowainiu@opera.com,Female,36.162.203.206
680,L;urette,Uppett,luppettiv@china.com.cn,Female,58.119.97.177
681,Bastien,Gallacher,bgallacheriw@alexa.com,Male,74.233.238.42
682,Branden,Duval,bduvalix@samsung.com,Male,30.18.173.11
683,Stephi,Yurenev,syureneviy@behance.net,Female,48.251.56.168
684,Terrijo,MacGinlay,tmacginlayiz@princeton.edu,Female,240.239.137.2
685,Lincoln,McFfaden,lmcffadenj0@scribd.com,Male,248.224.121.35
686,Sol,Sellars,ssellarsj1@quantcast.com,Male,47.216.78.174
687,Sheena,Suter,ssuterj2@senate.gov,Female,153.181.146.96
688,Elmer,Fawlks,efawlksj3@liveinternet.ru,Male,131.247.222.122
689,Antin,Lancley,alancleyj4@nba.com,Male,245.26.136.166
690,Thurstan,Iskowicz,tiskowiczj5@wp.com,Male,1.53.161.235
691,Elliot,Mandry,emandryj6@ted.com,Non-binary,129.44.170.134
692,Lucie,Mapes,lmapesj7@hao123.com,Female,214.4.164.50
693,Monte,Frame,mframej8@comsenz.com,Male,10.95.199.144
694,Abrahan,Bonnier,abonnierj9@photobucket.com,Male,32.182.166.133
695,Katey,Swainson,kswainsonja@livejournal.com,Genderfluid,145.50.242.33
696,Jordan,Lardez,jlardezjb@icio.us,Male,191.103.230.39
697,Sheryl,Goalby,sgoalbyjc@nsw.gov.au,Female,168.1.133.23
698,Raine,Gwyn,rgwynjd@answers.com,Female,250.119.194.127
699,Chrystal,Siburn,csiburnje@thetimes.co.uk,Female,60.247.229.139
700,Valle,Phillp,vphillpjf@hugedomains.com,Male,115.202.240.103
701,Hunfredo,McKinty,hmckintyjg@java.com,Male,196.46.52.126
702,Lowell,Potkins,lpotkinsjh@yellowpages.com,Male,212.107.82.6
703,Tomasina,Askew,taskewji@go.com,Female,189.174.122.165
704,Alfonso,Klejna,aklejnajj@photobucket.com,Male,20.232.129.149
705,Cece,Pine,cpinejk@cmu.edu,Male,202.73.76.217
706,Dewey,Banes,dbanesjl@oracle.com,Male,232.17.186.6
707,Janith,Levecque,jlevecquejm@army.mil,Female,62.149.103.128
708,Atlante,Devonshire,adevonshirejn@sogou.com,Female,37.95.105.163
709,Cy,Crayke,ccraykejo@smh.com.au,Male,189.152.80.5
710,Chan,Cornew,ccornewjp@google.co.jp,Male,185.29.133.173
711,Wylie,Bushill,wbushilljq@businesswire.com,Male,188.108.55.224
712,Kai,Dowyer,kdowyerjr@rakuten.co.jp,Female,101.30.154.227
713,Sue,De Meis,sdemeisjs@shutterfly.com,Female,200.223.27.119
714,Bellanca,Rallin,brallinjt@java.com,Female,181.127.186.190
715,Brade,Littlejohn,blittlejohnju@hexun.com,Male,224.139.86.13
716,Celina,Beller,cbellerjv@scientificamerican.com,Female,85.16.255.42
717,Thibaud,Bellenger,tbellengerjw@xrea.com,Male,188.209.29.163
718,Cassandre,Howcroft,chowcroftjx@google.pl,Female,248.53.186.255
719,Tresa,Marians,tmariansjy@sfgate.com,Female,172.1.61.235
720,Chane,Eddis,ceddisjz@blinklist.com,Male,93.228.150.26
721,Whit,Steely,wsteelyk0@fda.gov,Male,145.209.157.117
722,Ignacio,Scherer,ischererk1@latimes.com,Male,15.117.230.233
723,Ardelia,Pickover,apickoverk2@mtv.com,Female,75.94.12.73
724,Jodee,De Roeck,jderoeckk3@adobe.com,Female,53.194.67.32
725,Maurene,Titchard,mtitchardk4@dailymail.co.uk,Female,188.193.13.12
726,Sheila,Boddie,sboddiek5@google.co.jp,Female,233.51.55.74
727,Noell,Padmore,npadmorek6@yellowbook.com,Female,134.105.247.89
728,Pippy,McClunaghan,pmcclunaghank7@marriott.com,Female,222.175.107.149
729,Curry,Kelcher,ckelcherk8@wikimedia.org,Male,250.88.143.168
730,Urbain,Beevor,ubeevork9@who.int,Male,238.137.45.93
731,Wally,Melland,wmellandka@telegraph.co.uk,Male,41.13.68.215
732,Brigida,MacAlpyne,bmacalpynekb@jigsy.com,Female,201.77.0.195
733,Crista,Mochar,cmocharkc@mlb.com,Female,199.207.147.239
734,Mildred,Bisacre,mbisacrekd@t.co,Female,204.65.51.9
735,Guilbert,Serchwell,gserchwellke@nih.gov,Male,51.139.5.120
736,Clementia,MacPhail,cmacphailkf@google.de,Female,8.188.5.90
737,Vanessa,Redd,vreddkg@wired.com,Female,230.113.10.175
738,Cissy,MacVicar,cmacvicarkh@noaa.gov,Female,231.42.170.156
739,Reine,Bilbrey,rbilbreyki@bravesites.com,Female,93.10.196.173
740,Leopold,Ibel,libelkj@acquirethisname.com,Male,186.242.75.16
741,Aymer,Feely,afeelykk@cbc.ca,Male,149.79.84.199
742,Cirillo,Ibbitson,cibbitsonkl@google.de,Male,80.41.172.198
743,Joyce,Waistell,jwaistellkm@cdc.gov,Female,157.187.187.94
744,Marty,O'Connor,moconnorkn@china.com.cn,Male,148.36.146.108
745,Deeann,Kleinstein,dkleinsteinko@nba.com,Bigender,68.16.180.206
746,Hewie,Scarffe,hscarffekp@miitbeian.gov.cn,Male,245.241.178.55
747,Evvy,Clapison,eclapisonkq@nydailynews.com,Female,70.120.201.176
748,Abbey,Gatus,agatuskr@topsy.com,Non-binary,111.208.12.25
749,Jacquie,Elfes,jelfesks@chicagotribune.com,Female,86.27.212.254
750,Natassia,Sicha,nsichakt@state.tx.us,Female,55.79.31.244
751,Raul,Caudell,rcaudellku@eventbrite.com,Male,163.99.16.240
752,Julina,Trewhitt,jtrewhittkv@altervista.org,Female,241.123.244.10
753,Drugi,Capozzi,dcapozzikw@squidoo.com,Male,222.64.187.2
754,Wilbert,Stredwick,wstredwickkx@dell.com,Male,65.191.168.46
755,Tabina,Aps,tapsky@tamu.edu,Female,197.101.163.224
756,Eydie,Shurmer,eshurmerkz@intel.com,Female,24.72.224.247
757,Elden,Arber,earberl0@freewebs.com,Male,38.7.107.137
758,Ogdon,Melesk,omeleskl1@zimbio.com,Bigender,25.74.69.137
759,Tonya,Rivlin,trivlinl2@examiner.com,Bigender,66.206.57.75
760,Nobie,Jenkyn,njenkynl3@wikispaces.com,Male,220.39.47.25
761,Powell,McKeller,pmckellerl4@myspace.com,Male,195.68.195.143
762,Ricca,Loveguard,rloveguardl5@alibaba.com,Female,225.194.33.178
763,Knox,Cogin,kcoginl6@sciencedaily.com,Male,90.229.224.21
764,Joete,Pears,jpearsl7@qq.com,Female,32.180.103.179
765,Olympia,Ormston,oormstonl8@free.fr,Female,57.113.119.28
766,Auberta,Buncom,abuncoml9@hp.com,Female,98.114.249.140
767,Bryana,Cardew,bcardewla@sbwire.com,Female,136.210.142.240
768,Ellie,Rodliff,erodlifflb@blogspot.com,Female,239.129.206.10
769,Pepillo,Brainsby,pbrainsbylc@twitpic.com,Male,188.246.114.28
770,Margarette,Bundey,mbundeyld@goodreads.com,Female,99.207.132.164
771,John,Concannon,jconcannonle@slate.com,Male,145.223.6.119
772,Leon,Follen,lfollenlf@myspace.com,Male,197.216.130.87
773,Vivianne,Williams,vwilliamslg@ox.ac.uk,Female,38.41.255.197
774,Tansy,Lente,tlentelh@odnoklassniki.ru,Female,132.154.185.130
775,Giles,Gerrell,ggerrellli@themeforest.net,Male,140.158.105.222
776,Petronella,De Andreis,pdeandreislj@zimbio.com,Female,60.228.194.34
777,Eben,Mullinger,emullingerlk@flickr.com,Male,184.142.196.193
778,Morton,Densey,mdenseyll@cnn.com,Male,116.100.182.60
779,Dave,Sargant,dsargantlm@edublogs.org,Male,162.28.248.203
780,Smith,Croot,scrootln@example.com,Male,178.55.210.30
781,Pembroke,Rochell,prochelllo@clickbank.net,Male,38.22.155.21
782,Kristian,Simpkin,ksimpkinlp@yolasite.com,Male,217.93.224.86
783,Ilene,Filgate,ifilgatelq@eventbrite.com,Female,47.231.169.26
784,Camey,Thornborrow,cthornborrowlr@fda.gov,Male,202.116.63.230
785,Amalie,Wolfarth,awolfarthls@wix.com,Female,179.57.125.228
786,Abelard,Newcome,anewcomelt@t-online.de,Male,139.206.116.212
787,Ulrick,Stovold,ustovoldlu@homestead.com,Male,8.115.118.19
788,Loralie,Gethin,lgethinlv@cnet.com,Female,27.169.66.51
789,Judi,Trower,jtrowerlw@homestead.com,Genderfluid,160.202.101.42
790,Nollie,Farry,nfarrylx@i2i.jp,Male,38.31.68.181
791,Chester,Widd,cwiddly@uiuc.edu,Male,145.117.213.42
792,Caryl,Fellenor,cfellenorlz@hao123.com,Polygender,184.156.111.66
793,Say,Hanbury,shanburym0@ocn.ne.jp,Male,8.233.73.165
794,Wren,Pittel,wpittelm1@nyu.edu,Female,31.16.153.160
795,Corabella,Compston,ccompstonm2@gnu.org,Female,156.144.22.50
796,Alexa,Frosdick,afrosdickm3@disqus.com,Female,78.238.88.76
797,Garner,Clawe,gclawem4@zimbio.com,Male,212.180.187.115
798,Drusi,Sorsbie,dsorsbiem5@bbc.co.uk,Female,160.249.169.194
799,Hebert,Attree,hattreem6@taobao.com,Male,77.89.153.128
800,Brad,Youll,byoullm7@barnesandnoble.com,Bigender,65.43.188.200
801,Calli,Parkman,cparkmanm8@harvard.edu,Female,204.234.111.129
802,Leonard,Keep,lkeepm9@webmd.com,Male,231.213.77.157
803,Arleta,Bickerdicke,abickerdickema@tripadvisor.com,Female,48.217.189.79
804,Fina,Tourry,ftourrymb@naver.com,Female,240.195.243.95
805,Gino,Bacchus,gbacchusmc@1688.com,Male,44.251.107.253
806,Ezra,Unwins,eunwinsmd@newsvine.com,Male,79.10.50.131
807,Marjy,Ege,megeme@statcounter.com,Female,83.110.153.234
808,Lorry,Emanson,lemansonmf@quantcast.com,Male,119.170.183.73
809,Zorana,Cronchey,zcroncheymg@360.cn,Female,148.33.185.96
810,Patton,Conachie,pconachiemh@list-manage.com,Male,144.89.66.167
811,Fabiano,Arrell,farrellmi@facebook.com,Male,68.137.239.251
812,Addison,Garroway,agarrowaymj@geocities.com,Male,92.105.36.92
813,Abbe,O'Geneay,aogeneaymk@toplist.cz,Male,178.144.232.239
814,Ad,Tong,atongml@goo.ne.jp,Male,64.180.53.16
815,Bertha,Allin,ballinmm@howstuffworks.com,Female,37.105.111.190
816,Terra,Stairmond,tstairmondmn@ihg.com,Female,148.91.141.214
817,Nolan,Nyles,nnylesmo@taobao.com,Male,228.143.149.11
818,Ashlen,Kadd,akaddmp@economist.com,Female,40.204.253.60
819,Lory,M'Barron,lmbarronmq@cbc.ca,Female,147.234.126.71
820,Camey,Slite,cslitemr@liveinternet.ru,Male,19.0.101.12
821,Malvin,Foulsham,mfoulshamms@zdnet.com,Male,48.175.153.66
822,Danette,Bunker,dbunkermt@hhs.gov,Female,139.47.206.106
823,Payton,Klosterman,pklostermanmu@vinaora.com,Male,129.186.94.163
824,Ginevra,Bere,gberemv@hexun.com,Female,227.32.193.37
825,Odille,MacCombe,omaccombemw@gmpg.org,Female,195.60.35.22
826,Bryn,Coventon,bcoventonmx@unblog.fr,Male,156.39.48.216
827,Torie,Tylor,ttylormy@nps.gov,Female,213.189.31.113
828,Way,Venturoli,wventurolimz@mozilla.org,Male,220.93.111.180
829,Mariejeanne,Anslow,manslown0@wix.com,Female,209.253.102.247
830,Iris,Rodolfi,irodolfin1@un.org,Female,152.29.215.225
831,Sonja,MacAllaster,smacallastern2@usa.gov,Female,72.5.210.88
832,Brina,McCaghan,bmccaghann3@purevolume.com,Female,79.135.170.225
833,Gusta,Feirn,gfeirnn4@odnoklassniki.ru,Female,222.116.11.15
834,Chase,Barosch,cbaroschn5@paginegialle.it,Male,154.245.31.112
835,Clemens,Devita,cdevitan6@ehow.com,Male,85.216.45.84
836,Ailsun,Nancekivell,anancekivelln7@github.io,Female,109.143.161.208
837,Chalmers,Gemson,cgemsonn8@myspace.com,Male,129.222.9.128
838,Thatcher,Hudel,thudeln9@smugmug.com,Male,128.7.57.2
839,Rorke,Cod,rcodna@pagesperso-orange.fr,Male,118.16.168.69
840,Mallory,Hunstone,mhunstonenb@amazon.co.jp,Male,184.75.106.244
841,Leonhard,Launder,llaundernc@nps.gov,Male,29.8.108.130
842,Perceval,Manz,pmanznd@naver.com,Male,32.49.27.173
843,Adriano,Manach,amanachne@nhs.uk,Male,153.231.177.245
844,Margret,Downs,mdownsnf@networksolutions.com,Female,150.172.120.130
845,Gwenora,Grigorini,ggrigorining@gnu.org,Female,59.7.81.224
846,Iorgo,Ferencz,iferencznh@barnesandnoble.com,Male,247.79.179.78
847,Morissa,Bason,mbasonni@amazon.co.uk,Female,119.106.91.207
848,Moishe,Haythorn,mhaythornnj@unc.edu,Male,46.215.255.60
849,Maggee,Lister,mlisternk@usatoday.com,Genderfluid,148.139.175.163
850,Dante,Becks,dbecksnl@comsenz.com,Male,109.81.111.231
851,Gil,Jellico,gjelliconm@geocities.jp,Male,196.69.166.64
852,Bartholomew,Stanney,bstanneynn@amazon.com,Male,65.97.136.168
853,Gabie,Sargeaunt,gsargeauntno@icio.us,Female,212.148.246.134
854,Justine,Caccavella,jcaccavellanp@ustream.tv,Female,115.233.52.199
855,Devlen,Getcliffe,dgetcliffenq@omniture.com,Male,120.229.68.247
856,Risa,Stut,rstutnr@chronoengine.com,Female,12.44.91.26
857,Kamila,Ackroyd,kackroydns@merriam-webster.com,Bigender,180.44.6.107
858,Audre,Weinmann,aweinmannnt@ft.com,Female,113.48.166.96
859,Gavan,McCleary,gmcclearynu@amazon.co.uk,Male,55.192.249.72
860,Mile,Keppin,mkeppinnv@seesaa.net,Male,171.67.19.249
861,Giavani,Fargher,gfarghernw@psu.edu,Male,147.115.7.0
862,Bibbye,Hassey,bhasseynx@netlog.com,Female,190.79.86.171
863,Timmy,Conway,tconwayny@squidoo.com,Male,142.178.246.245
864,Aymer,Seedull,aseedullnz@washingtonpost.com,Male,82.155.156.115
865,Starlene,Callar,scallaro0@ted.com,Bigender,12.110.148.46
866,Joete,Hoggins,jhogginso1@state.gov,Female,207.10.131.240
867,Abra,Branch,abrancho2@domainmarket.com,Female,225.208.2.119
868,La verne,McLaren,lmclareno3@upenn.edu,Female,127.183.58.107
869,Hildagarde,Krzysztof,hkrzysztofo4@sun.com,Female,216.220.99.227
870,Kellby,Moverley,kmoverleyo5@guardian.co.uk,Male,133.126.69.70
871,Jocko,Sowerby,jsowerbyo6@chron.com,Male,103.21.72.148
872,Evonne,Collingridge,ecollingridgeo7@seesaa.net,Female,196.122.189.10
873,Carie,Choke,cchokeo8@cbslocal.com,Female,101.159.170.222
874,Amalie,Skones,askoneso9@google.co.jp,Female,9.202.231.108
875,Crissie,Gannicott,cgannicottoa@sohu.com,Female,149.244.64.53
876,Cyndi,Brolan,cbrolanob@e-recht24.de,Female,240.167.208.144
877,Rozalin,Brownsmith,rbrownsmithoc@nydailynews.com,Female,235.78.134.64
878,Sayer,Pittem,spittemod@indiegogo.com,Male,11.54.167.156
879,Kiley,Heaven,kheavenoe@drupal.org,Male,232.157.105.179
880,Amelina,Bushnell,abushnellof@sbwire.com,Female,59.55.40.61
881,Mirella,Biasini,mbiasiniog@elegantthemes.com,Female,68.60.80.66
882,Giraldo,Bewsy,gbewsyoh@t.co,Male,59.42.175.192
883,Ondrea,Bugg,obuggoi@seattletimes.com,Female,52.143.196.234
884,Giles,Rockwell,grockwelloj@economist.com,Male,118.186.139.11
885,Shelly,MacRannell,smacrannellok@myspace.com,Female,145.137.197.227
886,Johnnie,McMichell,jmcmichellol@miibeian.gov.cn,Male,230.184.174.27
887,Shae,Chaplin,schaplinom@furl.net,Male,29.190.29.85
888,Merrily,Roote,mrooteon@washingtonpost.com,Female,78.226.163.176
889,Dorine,Aslett,daslettoo@alibaba.com,Female,68.95.153.145
890,Bertina,Whittlesey,bwhittleseyop@noaa.gov,Female,24.155.212.91
891,Natassia,Clayborn,nclaybornoq@geocities.jp,Female,155.35.245.214
892,Damiano,Odgers,dodgersor@sourceforge.net,Male,194.198.209.48
893,Peter,Bennie,pbennieos@spotify.com,Male,80.184.172.184
894,Arlan,Fontin,afontinot@naver.com,Male,8.188.245.198
895,Charisse,Phillipson,cphillipsonou@auda.org.au,Female,201.216.236.86
896,Carmon,Beetham,cbeethamov@technorati.com,Female,160.243.228.10
897,Selene,Vigar,svigarow@trellian.com,Female,2.130.248.158
898,Thedric,Laroux,tlarouxox@vkontakte.ru,Male,78.41.89.72
899,Anselma,Vail,availoy@admin.ch,Female,101.238.18.136
900,Oswald,Gniewosz,ogniewoszoz@sphinn.com,Male,155.147.93.45
901,Ravid,Masterton,rmastertonp0@biglobe.ne.jp,Male,16.52.215.75
902,Eduardo,Court,ecourtp1@miibeian.gov.cn,Male,244.71.86.5
903,Nickie,Digweed,ndigweedp2@mozilla.com,Female,208.133.50.198
904,Igor,Eykel,ieykelp3@senate.gov,Male,150.231.142.111
905,Byrom,Elvin,belvinp4@phoca.cz,Male,34.217.239.208
906,Sallie,Waddup,swaddupp5@businessinsider.com,Female,59.57.9.238
907,Therine,Imlach,timlachp6@pen.io,Female,174.195.189.75
908,Edgardo,Vanichkin,evanichkinp7@purevolume.com,Male,129.190.19.47
909,Hollyanne,Farrear,hfarrearp8@usnews.com,Female,41.83.187.46
910,Will,Linch,wlinchp9@microsoft.com,Male,205.178.0.142
911,Rafa,Foulcher,rfoulcherpa@archive.org,Female,93.232.105.18
912,Gabriela,Mangin,gmanginpb@nydailynews.com,Female,195.23.103.237
913,Tricia,Sclanders,tsclanderspc@homestead.com,Female,91.239.51.158
914,Lev,Claessens,lclaessenspd@kickstarter.com,Male,176.187.154.179
915,Felicdad,Pedlar,fpedlarpe@vistaprint.com,Female,255.65.48.246
916,Art,Ivermee,aivermeepf@cornell.edu,Male,52.113.13.98
917,Gunner,Muscat,gmuscatpg@vinaora.com,Male,15.104.174.42
918,Vernice,Yurevich,vyurevichph@rambler.ru,Genderfluid,194.168.171.157
919,Archibald,Olford,aolfordpi@usa.gov,Male,74.89.129.241
920,Nikola,Ffoulkes,nffoulkespj@wired.com,Male,26.93.243.110
921,Tymothy,Temperley,ttemperleypk@printfriendly.com,Male,157.178.116.37
922,Pattin,Andersson,panderssonpl@bandcamp.com,Male,196.68.182.52
923,Emmey,Dadds,edaddspm@themeforest.net,Female,140.76.223.215
924,Cornie,Rubenov,crubenovpn@telegraph.co.uk,Female,90.22.142.58
925,Ignacius,Mahaffey,imahaffeypo@sphinn.com,Male,148.130.181.36
926,Paulo,Osborne,posbornepp@npr.org,Male,60.45.192.181
927,Arabelle,Radage,aradagepq@comsenz.com,Female,222.195.205.146
928,Joice,Dyers,jdyerspr@yale.edu,Female,196.79.170.22
929,Daryl,Fer,dferps@topsy.com,Male,250.25.166.10
930,Anjela,Spence,aspencept@unicef.org,Female,126.78.74.119
931,Hayward,Crabb,hcrabbpu@exblog.jp,Male,6.219.75.65
932,Ernest,McClarence,emcclarencepv@yelp.com,Male,53.233.48.152
933,Mirella,Biaggioli,mbiaggiolipw@telegraph.co.uk,Genderfluid,101.62.223.164
934,Alwyn,Backson,abacksonpx@stumbleupon.com,Male,205.122.151.130
935,Beatrisa,Doughtery,bdoughterypy@nydailynews.com,Female,132.191.223.12
936,Benito,Bazely,bbazelypz@engadget.com,Male,107.98.14.199
937,Austin,D'eye,adeyeq0@bbc.co.uk,Female,119.53.62.207
938,Marthena,Bhatia,mbhatiaq1@artisteer.com,Female,10.155.255.163
939,Si,Dodsley,sdodsleyq2@yolasite.com,Male,62.99.47.42
940,Charmaine,Haslam,chaslamq3@nih.gov,Female,215.58.152.45
941,Philomena,Dellenty,pdellentyq4@ed.gov,Female,106.11.151.88
942,Jeana,Killough,jkilloughq5@pagesperso-orange.fr,Bigender,123.103.91.208
943,Charmion,Baser,cbaserq6@typepad.com,Female,7.174.80.203
944,Jodi,Stoffel,jstoffelq7@theatlantic.com,Female,69.158.31.81
945,Lanni,Ledley,lledleyq8@theglobeandmail.com,Female,147.131.88.118
946,Anabal,Foster,afosterq9@marriott.com,Female,82.239.97.9
947,Duffy,Creaven,dcreavenqa@tumblr.com,Male,128.88.91.247
948,Belita,Andrelli,bandrelliqb@hexun.com,Female,212.151.46.4
949,Timothee,Tregidga,ttregidgaqc@slideshare.net,Male,207.7.157.84
950,Orran,Reyne,oreyneqd@miitbeian.gov.cn,Male,17.87.105.124
951,Ethan,Fysh,efyshqe@mozilla.org,Male,82.2.224.151
952,Haley,Kolodziejski,hkolodziejskiqf@si.edu,Male,60.17.157.73
953,Elyn,Nias,eniasqg@umn.edu,Female,22.133.33.28
954,Jack,Hargreaves,jhargreavesqh@nih.gov,Male,88.176.238.224
955,Conney,Mannooch,cmannoochqi@over-blog.com,Male,249.129.141.210
956,Conchita,Merigeau,cmerigeauqj@g.co,Female,104.92.148.5
957,Betteann,Coucher,bcoucherqk@shutterfly.com,Female,131.56.21.212
958,Monte,Beedom,mbeedomql@artisteer.com,Male,187.102.7.77
959,Georas,Hathwood,ghathwoodqm@about.com,Male,147.103.102.161
960,Dominique,Beckford,dbeckfordqn@google.it,Male,27.36.253.151
961,Ricky,Furmonger,rfurmongerqo@home.pl,Female,219.17.41.121
962,Arte,Carrington,acarringtonqp@netvibes.com,Male,79.220.134.59
963,Lodovico,Lown,llownqq@skyrock.com,Male,243.3.180.29
964,Joshia,Enticknap,jenticknapqr@devhub.com,Male,27.113.48.191
965,Caty,Jaan,cjaanqs@reference.com,Agender,34.121.108.74
966,Mikaela,Vlahos,mvlahosqt@123-reg.co.uk,Agender,46.58.28.177
967,Reggy,Kells,rkellsqu@odnoklassniki.ru,Male,9.1.223.140
968,Rriocard,Alphege,ralphegeqv@360.cn,Male,57.186.253.210
969,Heida,Hollingshead,hhollingsheadqw@oracle.com,Female,187.75.68.35
970,Engelbert,Succamore,esuccamoreqx@google.it,Genderqueer,115.142.143.48
971,York,Hatto,yhattoqy@google.de,Male,35.26.36.18
972,Peria,Evequot,pevequotqz@theglobeandmail.com,Female,26.210.183.165
973,Ronny,Kane,rkaner0@dailymotion.com,Male,87.227.73.136
974,Shandie,Devany,sdevanyr1@amazon.co.uk,Female,65.246.53.255
975,Casar,Cestard,ccestardr2@mapquest.com,Male,142.192.251.176
976,Rivy,Mille,rmiller3@sogou.com,Female,172.140.115.164
977,Elisabeth,Hymas,ehymasr4@purevolume.com,Female,23.87.169.61
978,Avis,Tuxill,atuxillr5@weather.com,Agender,7.9.2.212
979,Morena,Povlsen,mpovlsenr6@bizjournals.com,Female,181.229.109.70
980,Terri,Hearnes,thearnesr7@ucoz.ru,Male,119.236.203.72
981,Lonny,Thaller,lthallerr8@icq.com,Male,18.69.212.77
982,Aguste,Balentyne,abalentyner9@wisc.edu,Male,100.143.221.179
983,Fidela,Durrance,fdurrancera@merriam-webster.com,Female,11.82.135.85
984,Carolin,Tomczykowski,ctomczykowskirb@webeden.co.uk,Female,222.58.231.133
985,Charmion,Lawranson,clawransonrc@examiner.com,Female,118.109.178.130
986,Olga,Beacock,obeacockrd@independent.co.uk,Female,192.43.58.6
987,Rafaelita,Iacovazzi,riacovazzire@cmu.edu,Female,0.47.137.24
988,Bonny,Pitkeathly,bpitkeathlyrf@time.com,Female,142.64.115.207
989,Gayleen,MacTeggart,gmacteggartrg@blogger.com,Female,181.76.132.30
990,Cassandry,Charlot,ccharlotrh@merriam-webster.com,Female,70.21.66.11
991,Kellby,Downage,kdownageri@ox.ac.uk,Male,248.174.198.221
